haut_tot_centroid,tronc_diam_centroid
15.413068675746313,155.79542161692487
8.433804951996041,60.370894391107825
